{
    "species": "Adelie",
    "bill_length_mm": 37.49674160932227,
    "bill_depth_mm": 19.552948464630344,
    "flipper_length_mm": 194.13346720834585,
    "body_mass_g": 2908.216536400228,
    "datetime": "2025-03-20T07:59:00+00:00"
}